dateTime,activities-minutesSedentary,RestHeart,activities-minutesVeryActive,activities-floors,activities-steps,sleep-minutesAsleep,sleep-awakeningsCount,sleep-minutesAwake,sleep-startTime
2017-01-26,657,56,12,16,8809,431,5,11,23:45
2017-01-27,744,56,34,14,10592,479,9,10,22:14
2017-01-28,739,56,0,6,6556,450,0,0,23:30
2017-01-29,607,57,21,8,9005,436,23,45,00:08
2017-01-30,863,57,31,12,9924,296,2,1,01:24
2017-01-31,654,57,0,3,9381,420,0,0,00:00
2017-02-01,1167,57,0,5,8009,0,0,0,
2017-02-02,800,56,4,7,6192,345,11,28,23:54
2017-02-03,761,55,0,3,3896,475,15,27,22:43
2017-02-04,689,55,18,22,11251,410,0,0,00:19
2017-02-05,611,54,21,26,9996,455,12,12,23:28
2017-02-06,726,55,22,10,9482,424,8,11,23:02
2017-02-07,682,55,0,4,6821,432,14,23,22:52
2017-02-08,713,54,13,8,8590,441,20,44,23:08
2017-02-09,702,55,27,20,12086,438,6,5,23:41
2017-02-10,694,55,0,3,7740,430,0,0,23:50
2017-02-11,669,56,0,7,8277,401,13,15,00:16
2017-02-12,1072,56,13,4,9780,0,0,0,
2017-02-13,698,56,27,14,10061,491,4,7,23:04
2017-02-14,580,56,4,7,10504,466,8,13,23:34
2017-02-15,607,57,24,4,13281,480,9,15,23:16
2017-02-16,788,58,15,14,9106,378,10,14,00:34
2017-02-17,745,59,35,9,9114,383,0,0,00:10
2017-02-18,708,61,1,2,4028,503,13,17,22:30
2017-02-19,798,61,0,6,3253,568,0,0,22:10
2017-02-20,815,58,0,12,3639,422,18,26,23:51
2017-02-21,475,59,22,8,20469,427,7,21,23:48
2017-02-22,1098,59,9,13,9847,0,0,0,
2017-02-23,731,58,17,82,11219,445,11,21,23:41
2017-02-24,1220,58,5,12,7613,0,0,0,
2017-02-25,601,57,2,8,7371,463,9,22,00:30
2017-02-26,687,58,46,4,14205,472,1,0,23:00
2017-02-27,672,59,25,8,11320,428,5,13,01:33
2017-02-28,1149,60,5,5,6241,0,0,0,
2017-03-01,1174,60,0,19,7196,0,0,0,
2017-03-02,692,59,0,45,8459,375,14,26,00:23
2017-03-03,690,59,0,13,6641,441,20,34,00:28
2017-03-04,574,56,73,10,14045,490,22,42,23:57
2017-03-05,654,57,76,23,15117,402,10,25,00:06
2017-03-06,727,57,0,10,7904,395,13,20,00:10
2017-03-07,644,57,2,3,8706,405,0,0,00:15
2017-03-08,666,59,18,19,11844,487,7,12,22:49
2017-03-09,1177,58,47,20,12751,0,0,0,
2017-03-10,1238,58,0,1,5012,0,0,0,
2017-03-11,1134,59,48,8,13271,0,0,0,
2017-03-12,956,59,29,8,14553,0,0,0,
2017-03-13,698,58,5,10,6266,496,11,22,22:34
2017-03-14,576,59,4,6,12799,444,19,48,23:06
2017-03-15,577,58,88,8,13705,404,8,9,00:12
2017-03-16,1108,58,13,19,8592,0,0,0,
2017-03-17,717,59,14,9,8623,465,12,21,23:05
2017-03-18,1102,59,1,14,7799,0,0,0,
2017-03-19,1322,59,0,20,3170,0,0,0,
2017-03-20,726,59,7,23,9234,419,6,12,00:04
2017-03-21,965,59,58,32,15173,0,0,0,
2017-03-22,724,60,29,10,10747,462,10,13,23:14
2017-03-23,1047,60,40,21,12282,0,0,0,
2017-03-24,778,59,15,16,8486,486,14,31,22:14
2017-03-25,1003,59,3,11,8598,0,0,0,
2017-03-26,650,57,25,5,7187,595,10,17,21:54
2017-03-27,1179,58,15,11,9981,0,0,0,
2017-03-28,1009,58,68,31,15050,0,0,0,
2017-03-29,693,59,52,27,13058,410,16,28,23:47
2017-03-30,680,58,0,15,9050,411,21,54,23:37
2017-03-31,657,57,47,4,15790,435,12,20,23:43
2017-04-01,1103,57,16,13,10984,0,0,0,
2017-04-02,616,57,22,3,8858,469,9,13,00:00
2017-04-03,714,57,11,11,9197,438,11,17,23:49
2017-04-04,995,57,68,17,13435,0,0,0,
2017-04-05,683,58,23,22,13483,425,22,48,23:21
2017-04-06,1215,57,4,10,9065,0,0,0,
2017-04-07,1203,57,0,8,7235,0,0,0,
2017-04-08,611,57,19,4,10788,370,22,49,00:17
2017-04-09,1188,57,0,5,5210,0,0,0,
2017-04-10,755,58,0,11,8121,410,8,16,23:56
2017-04-11,1054,58,6,11,11376,0,0,0,
2017-04-12,721,57,20,11,10400,399,11,24,23:48
2017-04-13,1145,57,17,9,8102,0,0,0,
2017-04-14,686,57,4,4,7097,453,17,50,23:22
2017-04-15,1171,57,0,1,7397,0,0,0,
2017-04-16,1181,57,25,2,6058,71,2,2,00:33
2017-04-17,742,56,0,27,5131,437,14,18,00:43
2017-04-18,649,55,6,28,8399,442,14,29,23:59
2017-04-19,680,55,21,15,12369,408,9,24,00:05
2017-04-20,754,55,37,16,11691,416,18,29,23:42
2017-04-21,1264,55,0,10,4124,0,0,0,
2017-04-22,1080,56,7,6,11114,0,0,0,
2017-04-23,1174,57,0,5,5913,0,0,0,
2017-04-24,674,57,0,7,6627,493,18,38,23:16
2017-04-25,1088,58,39,11,10887,0,0,0,
2017-04-26,587,59,9,13,9810,412,15,27,00:19
2017-04-27,647,58,0,6,11083,431,13,28,23:00
2017-04-28,594,58,0,9,10212,482,16,30,23:39
2017-04-29,557,58,8,0,13414,431,0,58,23:03
2017-04-30,1420,58,0,2,474,0,0,0,
2017-05-01,1136,59,38,19,12507,0,0,0,
2017-05-02,631,58,76,11,11062,444,0,57,23:49
2017-05-03,658,59,2,8,8528,438,0,69,23:52
2017-05-04,913,61,0,2,645,393,0,51,00:56
2017-05-05,503,63,15,5,8845,446,0,105,23:21
2017-05-06,805,61,23,2,7931,385,0,62,23:03
2017-05-07,751,60,15,27,18134,206,0,54,02:12
2017-05-08,881,62,0,5,6686,312,0,30,22:11
2017-05-09,802,63,0,3,5723,365,0,37,00:00
2017-05-10,747,65,53,52,12341,356,0,36,23:33
2017-05-11,846,66,0,3,4862,288,0,53,00:27
2017-05-12,805,67,0,5,5157,373,0,65,22:39
2017-05-13,1098,69,0,2,4486,190,0,39,23:41
2017-05-14,1028,69,14,8,14714,0,0,0,
2017-05-15,583,66,27,16,12538,448,0,63,22:41
2017-05-16,618,64,11,5,11473,399,0,55,23:43
2017-05-17,1144,64,1,2,7505,0,0,0,
2017-05-18,687,63,14,36,13727,379,0,46,00:11
2017-05-19,773,60,7,11,6677,390,0,50,23:46
2017-05-20,1256,60,0,5,5065,0,0,0,
2017-05-21,693,58,33,5,10970,398,0,46,00:41
2017-05-22,669,57,42,12,11725,389,0,73,23:41
2017-05-23,32,57,57,26,19502,440,6,12,23:41
2017-05-24,661,57,11,13,12376,390,0,51,23:48
2017-05-25,981,57,45,12,16874,0,0,0,
2017-05-26,732,56,0,1,4692,453,0,54,00:06
2017-05-27,768,57,0,0,4395,424,0,70,00:02
2017-05-28,1145,57,13,3,9561,0,0,0,
2017-05-29,710,56,0,10,8122,389,0,51,23:48
2017-05-30,476,56,31,17,15943,371,0,42,00:18
2017-05-31,613,55,42,10,13310,433,0,62,22:52
2017-06-01,1109,55,13,17,10680,0,0,0,
2017-06-02,628,55,5,11,12750,381,0,58,23:57
2017-06-03,757,55,10,3,8488,363,0,69,01:15
2017-06-04,459,57,87,3,24751,409,0,42,00:23
2017-06-05,544,55,32,5,12492,451,0,84,00:02
2017-06-06,1137,55,3,16,8337,0,0,0,
2017-06-07,566,55,34,15,9414,391,0,51,00:04
2017-06-08,696,55,7,14,8016,392,0,51,23:49
2017-06-09,691,56,0,6,6277,425,0,76,23:15
2017-06-10,1275,56,37,5,7065,0,0,0,
2017-06-11,1127,56,0,4,6408,0,0,0,
2017-06-12,649,54,36,15,10595,465,12,25,23:04
2017-06-13,624,55,0,14,11439,355,0,58,00:21
2017-06-14,1075,55,45,9,15582,0,0,0,
2017-06-15,700,56,2,10,7692,384,0,77,00:05
2017-06-16,705,55,30,16,9448,399,0,60,23:36
2017-06-17,673,56,0,9,6974,451,0,57,23:36
2017-06-18,615,56,35,14,10841,385,0,55,00:52
2017-06-19,712,56,26,6,9125,414,0,48,23:27
2017-06-20,626,56,0,8,11711,370,0,46,00:12
2017-06-21,711,58,18,13,12503,351,0,41,00:38
2017-06-22,687,60,29,9,11552,361,0,47,00:32
2017-06-23,635,60,2,9,9664,408,0,55,23:26
2017-06-24,700,59,0,4,4945,447,0,85,00:11
2017-06-25,652,59,0,9,6219,445,0,55,00:15
2017-06-26,663,58,0,4,6010,421,0,71,22:59
2017-06-27,715,58,0,5,5871,374,0,63,23:43
2017-06-28,702,58,0,1,4636,444,0,55,22:47
2017-06-29,728,57,0,3,7161,395,0,54,23:35
2017-06-30,781,57,0,4,6336,390,0,0,00:30
2017-07-01,673,60,7,3,6750,411,0,42,00:31
2017-07-02,391,59,0,3,3472,542,0,66,22:57
2017-07-03,455,58,0,7,6937,569,0,132,19:28
2017-07-04,556,58,7,8,12994,401,0,53,00:08
2017-07-05,755,60,36,13,10535,393,0,51,23:36
2017-07-06,774,58,1,3,5068,409,0,49,23:36
2017-07-07,695,59,14,9,9940,388,0,68,23:35
2017-07-08,734,59,6,5,9994,323,8,0,23:59
2017-07-09,828,58,0,9,6416,321,8,17,23:59
2017-07-10,785,57,41,16,10931,341,0,47,01:01
2017-07-11,715,58,18,8,11153,376,0,57,00:05
2017-07-12,623,58,0,3,7148,422,0,79,00:31
2017-07-13,769,58,24,7,8129,360,0,68,00:24
2017-07-14,600,58,26,20,15611,380,0,54,00:03
2017-07-15,498,60,23,6,11146,466,17,41,00:15
2017-07-16,658,59,19,0,12742,348,0,48,00:36
2017-07-17,686,59,0,1,12828,379,0,44,00:48
2017-07-18,703,59,10,0,11257,393,0,40,01:06
2017-07-19,1133,59,42,1,12494,0,0,0,
2017-07-20,632,60,22,1,15464,334,0,74,01:48
2017-07-21,640,61,8,0,14707,377,0,50,01:03
2017-07-22,586,61,106,3,24599,310,0,42,02:58
2017-07-23,624,61,5,14,11990,421,0,0,23:59
2017-07-24,760,61,5,6,5937,405,9,14,00:59
2017-07-25,715,61,5,30,7900,502,4,6,22:55
2017-07-26,1021,60,34,108,9035,0,0,0,
2017-07-27,650,58,33,122,15065,516,29,84,21:20
2017-07-28,979,59,71,161,23214,0,0,0,
2017-07-29,376,60,23,42,21896,402,0,59,23:22
2017-07-30,707,61,0,29,8552,243,0,23,23:25
2017-07-31,616,61,16,38,13157,475,23,46,23:06
2017-08-01,487,61,33,88,17499,469,0,85,23:09
2017-08-02,753,60,0,46,12335,461,0,72,23:05
2017-08-03,817,61,2,7,5447,466,18,27,23:16
2017-08-04,1014,60,11,5,12068,0,0,0,
2017-08-05,1079,59,11,6,12009,0,0,0,
2017-08-06,642,59,2,0,10554,479,10,12,00:30
2017-08-07,690,59,18,1,10036,420,0,48,01:04
2017-08-08,504,60,44,0,17103,448,0,60,00:20
2017-08-09,555,60,10,1,12521,450,0,51,00:35
2017-08-10,607,60,11,1,14060,382,0,53,01:14
2017-08-11,518,61,39,0,17276,467,0,80,23:55
2017-08-12,625,64,106,3,23023,243,0,24,03:23
2017-08-13,1035,64,40,15,16779,0,0,0,
2017-08-14,524,63,33,11,15964,425,0,70,00:42
2017-08-15,668,61,0,10,6634,440,0,53,00:03
2017-08-16,709,60,34,12,8765,473,0,60,22:58
2017-08-17,767,60,46,12,10468,382,0,62,00:25
2017-08-18,755,59,0,1,4141,411,0,69,23:36
2017-08-19,569,59,6,30,10081,430,0,57,00:21
2017-08-20,690,60,3,5,5991,476,0,66,23:24
2017-08-21,742,60,17,10,7470,381,0,53,23:56
2017-08-22,725,61,1,4,6926,444,7,11,23:29
2017-08-23,618,62,74,26,20458,366,0,36,00:34
2017-08-24,702,61,58,14,15468,361,0,49,00:30
2017-08-25,804,61,2,2,5385,349,0,44,00:39
2017-08-26,1145,62,0,5,8302,0,0,0,
2017-08-27,646,62,3,4,8262,464,0,70,23:49
2017-08-28,788,63,2,9,7567,329,0,51,00:57
2017-08-29,560,62,1,8,8609,417,0,65,23:12
2017-08-30,628,61,50,10,12451,476,0,63,22:24
2017-08-31,811,62,11,11,6713,346,0,71,00:16
2017-09-01,798,61,0,3,3717,409,0,68,23:18
2017-09-02,694,61,7,4,5633,384,0,61,23:05
2017-09-03,601,60,39,11,12141,471,23,48,23:27
2017-09-04,772,61,49,12,12688,374,14,27,00:17
2017-09-05,617,60,0,3,7913,451,0,64,22:55
2017-09-06,736,59,18,18,10424,444,8,18,23:34
2017-09-07,792,58,4,3,6844,368,0,55,00:06
2017-09-08,793,57,1,4,5405,400,0,54,23:31
2017-09-09,730,57,5,3,7753,381,0,67,23:30
2017-09-10,1267,58,0,2,4259,0,0,0,
2017-09-11,672,60,23,22,9264,444,0,71,22:48
2017-09-12,720,58,0,9,7399,368,0,57,00:11
2017-09-13,840,59,20,30,8841,334,0,35,00:11
2017-09-14,806,59,9,6,7440,372,0,78,23:40
2017-09-15,1372,59,0,1,1220,0,0,0,
2017-09-16,551,59,7,2,9436,451,0,55,22:38
2017-09-17,480,57,5,7,11059,475,0,74,22:55
2017-09-18,767,59,0,1,2059,432,0,67,22:54
2017-09-19,536,60,0,3,5783,522,0,84,21:05
2017-09-20,728,61,22,12,9284,445,19,32,23:14
2017-09-21,685,61,0,8,7175,470,0,65,22:21
2017-09-22,693,59,0,5,5767,454,0,50,22:57
2017-09-23,728,60,3,2,6609,408,15,37,23:46
2017-09-24,668,59,12,9,10896,440,11,17,23:37
2017-09-25,772,60,0,14,6009,424,0,39,23:34
2017-09-26,621,62,0,5,8573,369,0,73,23:56
2017-09-27,699,61,32,12,9762,433,0,52,23:11
2017-09-28,690,59,15,11,10071,429,0,70,22:58
2017-09-29,747,59,14,6,8613,351,0,58,00:28
2017-09-30,1063,58,11,7,11932,0,0,0,
2017-10-01,327,59,0,4,3760,453,10,18,00:09
2017-10-02,643,58,5,12,7129,493,0,74,21:44
2017-10-03,617,58,0,4,8128,457,0,56,22:42
2017-10-04,1168,58,30,8,11510,0,0,0,
2017-10-05,742,59,10,12,7756,400,0,86,23:02
2017-10-06,720,58,0,4,6039,426,0,62,23:01
2017-10-07,639,57,1,3,8440,402,0,71,23:26
2017-10-08,774,57,42,11,12186,300,0,0,02:00
2017-10-09,733,57,11,16,8007,410,0,66,23:10
2017-10-10,667,57,0,4,7201,423,0,75,23:03
2017-10-11,657,57,55,14,12834,418,0,63,22:57
2017-10-12,1135,57,34,14,13396,0,0,0,
2017-10-13,632,57,27,9,11622,399,0,60,23:28
2017-10-14,615,57,7,3,11336,409,0,62,23:21
2017-10-15,1066,57,28,19,15807,0,0,0,
2017-10-16,513,58,35,14,15833,420,0,85,23:24
2017-10-17,660,58,4,37,9994,508,19,24,22:52
2017-10-18,1020,58,28,5,17167,0,0,0,
2017-10-19,725,58,6,10,9016,358,0,55,00:34
2017-10-20,722,59,0,10,5736,398,0,73,01:25
2017-10-21,1101,58,8,11,9362,0,0,0,
2017-10-22,1235,58,0,3,4157,0,0,0,
2017-10-23,772,61,20,8,6738,392,0,68,23:32
2017-10-24,647,60,1,4,5888,462,0,64,22:19
2017-10-25,1432,60,0,1,143,0,0,0,
2017-10-26,765,59,3,8,5493,387,0,76,00:02
2017-10-27,616,58,12,7,9202,426,0,65,23:04
2017-10-28,642,58,22,11,13839,426,13,23,23:31
2017-10-29,695,57,0,10,9149,439,23,44,00:20
2017-10-30,777,57,10,11,8440,360,0,46,00:28
2017-10-31,606,60,54,9,12966,393,0,50,23:49
2017-11-01,683,61,57,9,12615,435,0,47,23:10
2017-11-02,707,59,15,15,11143,413,0,61,23:30
2017-11-03,798,59,0,2,4522,384,0,53,23:54
2017-11-04,1007,59,50,8,12892,0,0,0,
2017-11-05,600,60,0,15,6825,430,0,55,00:57
2017-11-06,272,59,2,12,7384,457,10,18,23:18
2017-11-07,626,58,32,7,11552,392,0,52,23:38
2017-11-08,683,59,3,6,8479,417,0,64,23:12
2017-11-09,777,60,50,6,12333,324,0,79,00:08
2017-11-10,762,59,0,3,3440,446,0,71,22:41
2017-11-11,715,60,0,5,6155,371,0,94,23:39
2017-11-12,597,60,13,4,6794,465,0,102,23:23
2017-11-13,692,59,17,15,8255,386,0,70,23:32
2017-11-14,595,58,13,2,11033,418,0,63,23:11
2017-11-15,768,60,0,9,8589,342,0,65,00:24
2017-11-16,675,60,9,9,6236,451,0,66,22:42
2017-11-17,812,60,0,9,4957,383,0,58,23:50
2017-11-18,1156,60,4,5,7082,0,0,0,
2017-11-19,548,60,20,8,9901,448,0,101,22:19
2017-11-20,666,60,12,10,7349,454,0,68,22:48
2017-11-21,715,60,3,7,7568,352,0,53,00:31
2017-11-22,760,60,22,6,8275,432,11,14,23:41
2017-11-23,1170,61,34,22,9880,0,0,0,
2017-11-24,834,60,0,3,3266,384,0,60,23:43
2017-11-25,688,58,1,4,9695,366,0,49,22:50
2017-11-26,1103,58,36,1,9607,0,0,0,
2017-11-27,721,59,20,11,10465,366,0,48,00:15
2017-11-28,670,58,0,9,7067,418,0,44,23:36
2017-11-29,701,58,10,12,9991,387,0,50,23:59
2017-11-30,581,58,0,7,3101,346,0,45,00:38
2017-12-01,738,58,4,14,8368,393,0,46,23:48
2017-12-02,609,58,9,7,10621,387,0,61,23:52
2017-12-03,633,56,17,2,7896,419,0,63,23:24
2017-12-04,1200,56,31,12,9245,0,0,0,
2017-12-05,629,55,1,5,8065,384,0,55,23:58
2017-12-06,738,55,15,11,7175,461,17,29,23:10
2017-12-07,245,55,39,16,11010,445,11,28,23:18
2017-12-08,809,56,0,6,3645,396,0,61,23:44
2017-12-09,826,57,0,8,4965,320,0,50,01:08
2017-12-10,49,58,38,9,9197,510,15,27,23:53
2017-12-11,728,60,18,13,8544,352,0,80,00:16
2017-12-12,1059,59,15,7,10999,0,0,0,
2017-12-13,799,57,9,13,8186,350,0,44,00:09
2017-12-14,957,58,27,6,8902,168,0,28,00:37
2017-12-15,788,59,0,2,6094,352,0,50,00:40
2017-12-16,656,61,35,10,11437,364,0,59,01:24
2017-12-17,662,60,16,3,10954,388,0,49,00:08
2017-12-18,782,59,7,9,8144,369,0,56,00:13
2017-12-19,1076,59,16,11,12736,0,0,0,
2017-12-20,663,58,23,17,12003,415,0,64,23:32
2017-12-21,811,58,20,6,6194,388,0,51,00:00
2017-12-22,661,56,5,8,4402,472,0,96,22:30
2017-12-23,643,56,8,3,10347,417,0,60,00:33
2017-12-24,645,55,15,3,7430,468,0,63,23:58
2017-12-25,753,57,0,6,3944,398,0,68,01:19
2017-12-26,758,59,0,1,3451,445,0,83,00:08
2017-12-27,609,59,0,8,9085,432,0,69,00:38
2017-12-28,573,59,21,8,14510,466,14,18,23:59
2017-12-29,686,59,0,10,5924,431,0,67,01:02
2017-12-30,725,57,7,12,6846,412,0,61,01:13
2017-12-31,795,57,0,10,3927,395,0,65,01:32
2018-01-01,685,59,13,8,11825,365,0,57,02:44
2018-01-02,620,59,5,5,11664,360,0,52,00:49
2018-01-03,458,59,10,67,14501,470,0,60,22:56
2018-01-04,616,59,18,7,12583,402,0,61,00:01
2018-01-05,1086,59,7,6,10989,0,0,0,
2018-01-06,545,59,9,5,11431,443,0,52,00:29
2018-01-07,534,60,36,6,14235,472,0,68,00:06
2018-01-08,729,60,16,11,8258,422,10,19,00:08
2018-01-09,639,59,17,2,10461,387,0,61,23:56
2018-01-10,770,58,21,1,7401,386,0,57,00:01
2018-01-11,788,56,3,10,6937,378,0,54,00:14
2018-01-12,766,56,1,6,2930,483,0,60,22:24
2018-01-13,561,56,49,3,12791,393,0,62,23:54
2018-01-14,1121,57,25,4,9762,0,0,0,
2018-01-15,738,57,7,15,6084,362,0,55,00:12
2018-01-16,713,57,0,4,6521,466,12,21,23:09
2018-01-17,700,57,27,13,10470,413,15,38,23:43
2018-01-18,755,57,27,45,13317,390,8,15,00:14
2018-01-19,776,57,25,9,8127,382,0,48,00:05
2018-01-20,622,56,35,1,10008,447,0,64,23:57
2018-01-21,545,56,18,3,10720,478,16,19,00:13
2018-01-22,771,57,26,8,7493,484,17,23,22:41
2018-01-23,622,58,38,8,13103,362,0,66,00:02
2018-01-24,735,59,42,21,10498,399,0,57,23:38
2018-01-25,779,57,27,9,7109,404,0,53,23:40
2018-01-26,689,58,8,3,4942,494,0,96,21:30
2018-01-27,671,61,0,2,1570,544,0,123,21:17
2018-01-28,837,63,0,2,1561,333,0,41,23:44
2018-01-29,639,63,8,7,5089,319,0,55,00:56
2018-01-30,892,63,0,3,4121,293,0,53,00:30
2018-01-31,788,60,0,4,4047,401,0,59,23:29
2018-02-01,1257,59,0,5,3958,0,0,0,
2018-02-02,730,57,0,4,4768,426,0,57,23:08
2018-02-03,689,57,9,5,9685,396,0,43,23:51
2018-02-04,640,57,0,3,4873,526,0,77,00:06
2018-02-05,687,58,41,9,10265,399,0,50,23:43
2018-02-06,730,58,0,1,6076,459,12,25,23:18
2018-02-07,718,59,29,7,10822,356,0,35,00:40
2018-02-08,771,59,12,17,10350,394,0,49,23:57
2018-02-09,1372,59,0,7,4373,0,0,0,
2018-02-10,707,59,0,1,8080,437,9,12,23:32
2018-02-11,696,58,6,12,8579,415,15,30,01:11
2018-02-12,748,59,20,9,7820,419,7,11,23:53
2018-02-13,652,59,21,3,9676,361,0,38,00:34
2018-02-14,561,60,7,5,10701,449,0,74,23:05
2018-02-15,1053,60,19,11,9814,0,0,0,
2018-02-16,758,60,17,15,8835,498,15,36,22:18
2018-02-17,601,59,4,7,11821,363,12,32,00:55
2018-02-18,546,59,0,5,7124,559,20,32,22:53
2018-02-19,737,59,62,10,13284,357,0,57,00:19
2018-02-20,663,59,56,4,13155,340,0,53,00:41
2018-02-21,707,60,31,15,13101,379,0,48,00:10
2018-02-22,1199,59,43,9,9747,0,0,0,
2018-02-23,645,59,7,3,12151,384,0,45,00:05
2018-02-24,556,60,36,7,11040,444,0,84,23:56
2018-02-25,558,61,23,15,12883,430,0,58,23:13
2018-02-26,708,61,10,8,7690,406,10,21,00:10
2018-02-27,757,60,8,4,8161,456,17,31,23:00
2018-02-28,1232,60,27,13,6961,0,0,0,
2018-03-01,708,60,29,11,9111,409,0,66,23:47
2018-03-02,669,60,25,24,8392,406,0,97,23:30
2018-03-03,536,59,2,1,10441,446,0,81,23:14
2018-03-04,664,60,2,7,9491,393,0,62,00:34
2018-03-05,740,60,27,8,11046,392,10,20,00:21
2018-03-06,722,60,0,4,7009,405,5,11,00:05
2018-03-07,922,59,30,9,9583,268,6,12,00:12
2018-03-08,753,59,0,6,3688,443,0,58,22:48
2018-03-09,718,58,52,15,12847,371,0,71,23:44
2018-03-10,1140,59,0,16,10812,0,0,0,
2018-03-11,675,61,0,11,8042,426,0,55,23:24
2018-03-12,757,60,7,1,7375,404,13,27,23:58
2018-03-13,718,60,0,14,6297,412,12,16,23:50
2018-03-14,271,60,32,10,11981,419,13,20,23:37
2018-03-15,732,59,12,12,9180,381,0,69,00:15
2018-03-16,821,58,0,9,3958,388,0,61,23:56
2018-03-17,601,59,54,16,10211,399,0,74,23:57
2018-03-18,1114,60,0,12,7289,0,0,0,
2018-03-19,701,62,53,15,14837,351,0,48,00:30
2018-03-20,814,62,0,6,6161,359,4,14,00:55
2018-03-21,751,62,52,8,13456,389,7,16,00:23
2018-03-22,819,62,6,13,7041,329,0,47,00:57
2018-03-23,789,62,59,20,9928,345,0,48,00:40
2018-03-24,758,61,0,3,8146,341,0,39,00:39
2018-03-25,793,59,0,2,2464,457,0,65,00:11
2018-03-26,833,59,30,9,9467,327,0,47,00:58
2018-03-27,686,59,2,7,8742,405,0,38,23:41
2018-03-28,516,58,51,20,16507,469,0,67,22:19
2018-03-29,704,59,34,27,14651,393,0,51,23:38
2018-03-30,674,59,21,9,11017,394,0,65,23:34
2018-03-31,1381,59,0,2,8035,0,0,0,
2018-04-01,650,59,0,4,8234,458,17,36,00:19
2018-04-02,784,59,5,2,3503,498,12,18,00:02
2018-04-03,643,58,46,1,10709,361,12,23,00:38
2018-04-04,728,58,47,7,11696,452,12,17,23:16
2018-04-05,473,58,22,9,8112,358,8,11,00:55
2018-04-06,790,56,0,1,4087,390,0,61,23:41
2018-04-07,654,56,5,5,7402,449,0,72,23:39
2018-04-08,541,57,24,6,12640,422,0,71,23:55
2018-04-09,789,58,19,13,8440,355,0,53,00:11
2018-04-10,673,57,4,3,7867,399,0,62,23:37
2018-04-11,1213,57,15,1,8317,0,0,0,
2018-04-12,720,57,31,9,8745,409,0,73,23:10
2018-04-13,725,57,36,9,12534,380,0,56,23:56
2018-04-14,730,56,0,6,8353,382,12,20,00:23
2018-04-15,563,57,49,11,11816,471,20,33,00:18
2018-04-16,728,57,41,18,13544,333,0,47,00:49
2018-04-17,743,56,8,4,6599,429,0,50,23:09
2018-04-18,707,56,27,14,10498,380,0,68,23:52
2018-04-19,701,56,60,10,14895,371,0,42,00:18
2018-04-20,749,57,14,10,8790,387,0,48,00:00
2018-04-21,520,57,1,3,10206,488,0,73,22:11
2018-04-22,669,58,9,4,8141,414,0,85,00:30
2018-04-23,817,58,0,10,6014,375,0,59,00:03
2018-04-24,690,57,0,5,6723,436,0,60,22:54
2018-04-25,770,58,18,8,9038,347,0,52,00:33
2018-04-26,1191,59,51,23,13116,0,0,0,
2018-04-27,588,58,3,3,7579,368,0,70,23:41
2018-04-28,663,58,6,8,8309,581,11,17,21:57
2018-04-29,674,58,10,18,7700,446,0,52,00:07
2018-04-30,757,57,0,1,4600,430,0,72,00:27
2018-05-01,629,58,23,44,10457,437,0,89,23:41
2018-05-02,675,56,0,0,5510,475,0,71,23:33
2018-05-03,675,56,7,5,7850,419,0,85,00:12
2018-05-04,553,56,9,10,9954,523,0,66,22:05
2018-05-05,1034,56,3,3,9601,127,2,2,15:17
2018-05-06,1244,56,0,5,4996,0,0,0,
2018-05-07,1123,57,7,22,10467,0,0,0,
2018-05-08,1048,57,5,50,15455,0,0,0,
2018-05-09,1118,58,26,21,12836,0,0,0,
2018-05-10,1438,58,0,0,18,0,0,0,
2018-05-11,1440,58,0,0,0,0,0,0,
2018-05-12,1440,58,0,0,0,0,0,0,
2018-05-13,1440,58,0,0,0,0,0,0,
2018-05-14,1387,58,0,0,249,0,0,0,
2018-05-15,730,59,2,6,8609,320,13,16,23:21
2018-05-16,236,60,5,10,9005,491,14,18,21:45
2018-05-17,721,62,0,6,7952,373,0,60,23:13
2018-05-18,784,61,6,9,5943,445,11,23,23:33
2018-05-19,616,61,27,11,11935,404,0,81,01:03
2018-05-20,742,59,10,1,13006,284,0,52,03:18
2018-05-21,630,59,8,2,10617,412,0,62,00:58
2018-05-22,1269,58,0,2,1138,71,1,1,23:54
2018-05-23,732,58,16,15,11096,470,10,20,23:02
2018-05-24,1249,58,0,11,6091,0,0,0,
2018-05-25,630,58,40,5,11622,439,0,53,22:54
2018-05-26,1135,58,0,6,7173,0,0,0,
2018-05-27,1252,59,10,6,8627,0,0,0,
2018-05-28,1227,60,6,21,11119,0,0,0,
2018-05-29,1072,59,11,12,10538,0,0,0,
2018-05-30,1080,59,20,13,13654,0,0,0,
2018-05-31,960,59,12,8,6939,238,15,30,12:52
2018-06-01,1214,58,3,2,5276,0,0,0,
2018-06-02,1185,59,0,5,6341,0,0,0,
2018-06-03,671,59,10,9,7682,422,0,61,00:55
2018-06-04,1219,59,15,8,7042,0,0,0,
2018-06-05,589,57,3,4,11339,390,0,64,23:32
2018-06-06,1159,58,7,9,11031,0,0,0,
2018-06-07,1219,58,0,9,6928,0,0,0,
2018-06-08,1148,58,0,3,7061,0,0,0,
2018-06-09,1164,58,0,2,8080,0,0,0,
2018-06-10,1129,58,30,4,12151,0,0,0,
2018-06-11,1440,58,0,4,7962,0,0,0,
2018-06-12,1437,58,0,3,6258,0,0,0,
2018-06-13,1396,58,0,1,1163,0,0,0,
2018-06-14,1189,57,25,3,8878,0,0,0,
2018-06-15,1196,58,1,2,6387,0,0,0,
2018-06-16,1185,59,22,4,6011,0,0,0,
2018-06-17,798,60,0,4,4695,401,0,63,01:23
2018-06-18,1210,60,23,0,6956,0,0,0,
2018-06-19,1099,60,6,6,9480,0,0,0,
2018-06-20,1427,60,0,12,10142,0,0,0,
2018-06-21,1440,60,0,8,13213,0,0,0,
2018-06-22,1440,59,0,3,6370,0,0,0,
2018-06-23,1440,59,0,2,0,0,0,0,
2018-06-24,1440,59,0,0,0,0,0,0,
2018-06-25,1440,60,0,4,9303,0,0,0,
2018-06-26,1404,60,0,5,11781,0,0,0,
2018-06-27,1172,62,30,11,10747,0,0,0,
2018-06-28,1269,63,0,4,4029,0,0,0,
2018-06-29,1193,64,0,2,5614,0,0,0,
2018-06-30,531,64,4,4,11640,457,0,54,00:39
2018-07-01,1075,64,1,10,9163,0,0,0,
2018-07-02,1187,64,12,7,9203,0,0,0,
2018-07-03,1380,65,0,1,1795,0,0,0,
2018-07-04,1251,65,1,11,6451,0,0,0,
2018-07-05,1440,65,0,0,0,0,0,0,
2018-07-06,1234,67,7,2,4987,0,0,0,
2018-07-07,1180,68,20,3,8838,0,0,0,
2018-07-08,1161,67,14,3,8736,0,0,0,
2018-07-09,1222,66,15,3,9096,0,0,0,
2018-07-10,1070,66,5,6,10903,0,0,0,
2018-07-11,1194,66,16,11,9243,0,0,0,
2018-07-12,1183,67,28,4,9544,0,0,0,
2018-07-13,815,64,5,6,8250,327,0,40,01:01
2018-07-14,678,64,0,2,6064,436,21,41,00:37
2018-07-15,16,65,1,5,8979,554,8,12,00:22
2018-07-16,671,63,64,18,16366,397,0,50,00:22
2018-07-17,821,62,21,13,10118,320,0,40,03:33
2018-07-18,778,62,50,8,10559,382,0,57,00:50
2018-07-19,676,62,47,14,13216,409,8,15,00:43
2018-07-20,1198,63,2,13,6335,0,0,0,
2018-07-21,968,63,26,5,16258,0,0,0,
2018-07-22,786,63,5,0,7713,348,0,66,01:24
2018-07-23,744,61,7,0,7977,403,0,58,00:53
2018-07-24,752,63,0,0,8663,369,0,53,01:15
2018-07-25,1198,63,0,0,7899,0,0,0,
2018-07-26,1231,63,1,0,6651,0,0,0,
2018-07-27,1440,63,0,0,0,0,0,0,
2018-07-28,1440,63,0,0,0,0,0,0,
2018-07-29,1440,63,0,0,0,0,0,0,
2018-07-30,1085,62,9,9,11805,0,0,0,
2018-07-31,442,62,23,15,15847,485,0,86,23:41
2018-08-01,595,62,36,11,9743,460,0,76,00:17
2018-08-02,638,60,18,10,8090,463,0,51,23:37
2018-08-03,601,60,29,5,13026,505,11,9,23:35
2018-08-04,562,60,18,12,12694,426,0,79,23:56
2018-08-05,1331,60,4,1,3968,0,0,0,
2018-08-06,1406,59,0,0,883,0,0,0,
2018-08-07,439,61,26,9,8826,469,0,84,23:50
2018-08-08,1440,61,0,8,8363,0,0,0,
2018-08-09,989,61,19,19,14555,168,6,5,05:14
2018-08-10,1134,60,4,9,8232,0,0,0,
2018-08-11,584,61,18,5,15643,411,13,21,01:12
2018-08-12,688,62,14,0,8652,442,13,19,00:47
2018-08-13,719,63,8,0,8264,419,0,51,00:28
2018-08-14,1145,64,23,0,12234,0,0,0,
2018-08-15,649,64,24,0,12375,411,0,49,00:53
2018-08-16,742,66,12,0,9223,386,0,24,01:30
2018-08-17,666,69,24,0,14152,394,0,50,01:40
2018-08-18,858,68,76,2,17835,270,0,25,03:31
2018-08-19,1112,68,5,10,12094,0,0,0,
2018-08-20,1152,67,94,11,17035,0,0,0,
2018-08-21,1376,66,0,3,12559,0,0,0,
2018-08-22,1161,66,31,6,11151,0,0,0,
2018-08-23,1057,65,39,3,9565,128,8,13,05:15
2018-08-24,1264,63,0,14,4179,0,0,0,
2018-08-25,745,63,0,3,3879,430,0,91,00:20
2018-08-26,1149,63,7,5,9844,0,0,0,
2018-08-27,1170,62,35,14,11295,0,0,0,
2018-08-28,1073,62,38,5,9772,0,0,0,
2018-08-29,1431,62,0,10,5505,0,0,0,
2018-08-30,1440,62,0,8,12317,0,0,0,
2018-08-31,1440,61,0,5,5452,0,0,0,
2018-09-01,1422,61,0,3,6847,0,0,0,
2018-09-02,1099,59,0,7,6210,67,1,1,12:02
2018-09-03,750,59,57,23,12749,423,13,23,23:43
2018-09-04,1003,60,50,9,12033,0,0,0,
2018-09-05,1116,61,20,9,10385,0,0,0,
2018-09-06,1189,60,22,14,11401,0,0,0,
2018-09-07,1251,60,0,7,3863,0,0,0,
2018-09-08,1181,60,24,6,6825,0,0,0,
2018-09-09,1196,60,0,2,5504,0,0,0,
2018-09-10,880,59,12,8,8623,286,0,42,01:36
2018-09-11,1138,58,0,2,7140,0,0,0,
2018-09-12,1138,59,74,12,15496,0,0,0,
2018-09-13,559,59,67,20,15472,521,0,65,21:20
2018-09-14,1102,59,62,8,14581,0,0,0,
2018-09-15,1290,59,0,4,2790,0,0,0,
2018-09-16,1091,59,4,9,9318,0,0,0,
2018-09-17,1121,59,33,11,11851,0,0,0,
2018-09-18,1082,60,40,13,11533,0,0,0,
2018-09-19,1433,60,0,14,12982,0,0,0,
2018-09-20,1211,61,0,8,5286,0,0,0,
2018-09-21,1248,61,0,3,6249,0,0,0,
2018-09-22,1097,59,0,3,9462,0,0,0,
2018-09-23,1187,60,8,3,7677,0,0,0,
2018-09-24,1163,59,5,10,9510,0,0,0,
2018-09-25,1037,58,4,10,13491,0,0,0,
2018-09-26,799,59,35,12,11437,406,11,16,23:34
2018-09-27,1193,59,1,11,7652,0,0,0,
2018-09-28,1144,59,65,7,14014,0,0,0,
2018-09-29,1036,59,5,8,12639,0,0,0,
2018-09-30,1165,60,2,7,7565,0,0,0,
2018-10-01,1440,60,0,19,10260,0,0,0,
2018-10-02,1440,60,0,10,6606,0,0,0,
2018-10-03,930,61,27,9,8597,0,0,0,
2018-10-04,793,60,0,4,3997,642,19,43,20:35
2018-10-05,1173,60,38,7,12052,0,0,0,
2018-10-06,1056,59,7,4,13070,0,0,0,
2018-10-07,1073,59,5,5,11771,0,0,0,
2018-10-08,1178,59,44,7,11982,0,0,0,
2018-10-09,1048,60,38,11,12732,0,0,0,
2018-10-10,1096,61,54,14,16184,0,0,0,
2018-10-11,1192,62,4,15,10624,0,0,0,
2018-10-12,1328,61,0,2,2734,0,0,0,
2018-10-13,761,61,29,9,13270,362,0,46,00:24
2018-10-14,1440,61,0,6,7079,0,0,0,
2018-10-15,1274,60,0,18,11431,0,0,0,
2018-10-16,1099,60,40,5,10225,0,0,0,
2018-10-17,1046,61,22,14,15336,0,0,0,
2018-10-18,1284,60,0,8,3795,0,0,0,
2018-10-19,1141,60,61,12,13972,0,0,0,
2018-10-20,1157,59,9,6,8684,0,0,0,
2018-10-21,1284,59,0,2,4563,0,0,0,
2018-10-22,1236,59,14,8,6382,0,0,0,
2018-10-23,1241,60,0,25,6943,0,0,0,
2018-10-24,1223,61,19,9,8553,0,0,0,
2018-10-25,1198,61,17,7,8975,0,0,0,
2018-10-26,1233,62,0,4,4630,0,0,0,
2018-10-27,1017,62,8,16,13299,0,0,0,
2018-10-28,1207,62,17,2,7677,0,0,0,
2018-10-29,1107,61,48,17,13105,0,0,0,
2018-10-30,1179,62,0,7,6429,0,0,0,
2018-10-31,1139,63,6,5,8985,0,0,0,
2018-11-01,1438,63,0,0,38,0,0,0,
2018-11-02,1312,62,0,4,2794,0,0,0,
2018-11-03,1130,61,44,5,9371,0,0,0,
2018-11-04,1163,60,0,9,7631,0,0,0,
2018-11-05,1216,60,4,11,8302,0,0,0,
2018-11-06,1052,59,16,5,10703,0,0,0,
2018-11-07,1094,60,29,16,13943,0,0,0,
2018-11-08,1185,61,22,18,9161,0,0,0,
2018-11-09,1225,61,0,3,5898,0,0,0,
2018-11-10,1115,61,0,4,9263,0,0,0,
2018-11-11,1219,61,0,4,5344,0,0,0,
2018-11-12,1213,60,14,10,8890,0,0,0,
2018-11-13,1101,60,10,5,10480,0,0,0,
2018-11-14,1175,59,23,14,12828,0,0,0,
2018-11-15,1161,58,17,15,10078,0,0,0,
2018-11-16,1272,57,0,3,3704,0,0,0,
2018-11-17,1029,57,30,5,12807,0,0,0,
2018-11-18,1240,58,7,6,8703,0,0,0,
2018-11-19,1418,58,0,10,8551,0,0,0,
2018-11-20,1151,57,0,5,8576,0,0,0,
2018-11-21,1222,57,3,12,7131,0,0,0,
2018-11-22,1191,57,2,10,6880,0,0,0,
2018-11-23,1218,57,0,5,6284,0,0,0,
2018-11-24,1166,56,4,8,9080,0,0,0,
2018-11-25,1185,57,0,4,6732,0,0,0,
2018-11-26,1200,57,0,10,7104,0,0,0,
2018-11-27,1174,57,0,5,6598,0,0,0,
2018-11-28,1119,58,16,4,11471,0,0,0,
2018-11-29,1110,58,52,17,14681,0,0,0,
2018-11-30,1313,57,0,0,2640,0,0,0,
2018-12-01,1126,56,13,3,10365,0,0,0,
2018-12-02,1176,56,1,3,7349,0,0,0,
2018-12-03,711,56,43,10,13935,358,0,70,23:58
2018-12-04,500,57,52,7,14703,396,0,80,23:18
2018-12-05,717,56,44,18,14356,371,0,69,23:54
2018-12-06,727,57,13,22,10002,393,0,59,00:00
2018-12-07,782,57,0,5,4606,429,0,53,23:21
2018-12-08,775,57,0,9,6810,338,0,60,00:36
2018-12-09,588,58,61,5,10053,451,0,53,00:32
2018-12-10,814,58,43,19,12563,299,0,42,01:30
2018-12-11,634,57,5,6,9639,400,0,55,23:27
2018-12-12,712,57,9,24,13264,369,0,53,00:08
2018-12-13,770,58,51,9,12490,337,0,44,00:53
2018-12-14,1206,59,0,3,6072,0,0,0,
2018-12-15,603,62,75,5,11622,456,0,66,00:35
2018-12-16,1183,63,4,7,7240,0,0,0,
2018-12-17,647,62,39,8,11847,405,0,74,23:16
2018-12-18,738,62,0,4,7191,358,0,53,00:23
2018-12-19,782,60,23,12,8919,360,0,50,00:33
2018-12-20,1177,59,4,9,7411,0,0,0,
2018-12-21,224,59,0,4,4431,491,15,24,23:37
2018-12-22,689,59,1,5,7167,375,0,69,00:52
2018-12-23,658,58,42,2,6794,445,0,90,23:46
2018-12-24,1121,58,8,7,9267,0,0,0,
2018-12-25,619,58,11,6,7306,484,13,19,00:26
2018-12-26,668,57,4,4,7351,561,20,33,23:02
2018-12-27,1051,57,4,6,10321,0,0,0,
2018-12-28,485,56,0,7,5197,576,27,68,00:19
2018-12-29,654,56,6,8,10380,391,0,58,01:19
2018-12-30,1229,57,29,39,8148,0,0,0,
2018-12-31,1231,56,0,4,4541,0,0,0,
2019-01-01,753,55,5,10,8123,331,0,73,02:43
2019-01-02,1134,55,16,6,8315,0,0,0,
2019-01-03,654,55,4,9,10082,414,13,20,01:07
2019-01-04,919,54,0,3,3586,316,2,3,02:43
2019-01-05,729,55,3,4,6493,435,0,62,00:39
2019-01-06,636,58,30,6,8563,406,0,78,01:24
2019-01-07,724,57,33,13,11088,382,0,54,23:49
2019-01-08,725,56,17,16,9364,400,0,53,23:42
2019-01-09,1105,56,17,16,11918,0,0,0,
2019-01-10,1219,56,2,5,6236,0,0,0,
2019-01-11,726,55,58,23,13168,439,12,16,23:45
2019-01-12,639,55,1,10,8401,478,15,24,01:21
2019-01-13,694,55,20,10,6662,385,0,72,01:04
2019-01-14,780,54,10,10,6845,382,0,53,00:06
2019-01-15,669,53,0,6,5203,380,0,54,00:03
2019-01-16,1143,53,25,7,10557,0,0,0,
2019-01-17,771,54,34,16,10972,356,0,36,00:41
2019-01-18,746,56,0,6,6269,427,0,43,23:30
2019-01-19,577,56,31,3,10220,495,8,15,00:17
2019-01-20,712,56,1,4,7142,389,0,57,01:08
2019-01-21,844,56,0,5,5884,323,0,71,00:34
2019-01-22,1083,56,18,2,11595,0,0,0,
2019-01-23,784,54,2,5,4472,342,0,52,00:25
2019-01-24,220,54,7,12,9563,464,13,28,23:02
2019-01-25,418,54,0,0,144,426,0,53,23:27
